INSERT INTO flight.airport (code, name, city, creator, create_time, updater, update_time, deleted, tenant_id)
VALUES (1, '上海浦东国际机场', '上海市', NULL, '2025-06-01 09:31:35', NULL, '2025-06-01 09:31:35', 0, 0),
       (2, '北京大兴国际机场', '北京市', NULL, '2025-06-01 09:31:35', NULL, '2025-06-01 09:31:35', 0, 0),
       (3, '北京首都国际机场', '北京市', NULL, '2025-06-01 09:31:35', NULL, '2025-06-01 09:31:35', 0, 0),
       (4, '深圳宝安国际机场', '深圳市', NULL, '2025-06-01 09:31:35', NULL, '2025-06-01 09:31:35', 0, 0),
       (5, '昆明长水国际机场', '昆明市', NULL, '2025-06-01 09:31:35', NULL, '2025-06-01 09:31:35', 0, 0),
       (6, '成都天府国际机场', '成都市', NULL, '2025-06-01 09:31:35', NULL, '2025-06-01 09:31:35', 0, 0),
       (7, '广州白云国际机场', '广州市', NULL, '2025-06-01 09:31:35', NULL, '2025-06-01 09:31:35', 0, 0),
       (8, '重庆江北国际机场', '重庆市', NULL, '2025-06-01 09:31:35', NULL, '2025-06-01 09:31:35', 0, 0),
       (9, '天津滨海国际机场', '天津市', NULL, '2025-06-01 09:31:35', NULL, '2025-06-01 09:31:35', 0, 0),
       (10, '海口美兰国际机场', '海口市', NULL, '2025-06-01 09:31:35', NULL, '2025-06-01 09:31:35', 0, 0);
INSERT INTO flight.booking (user_id, flight_id, reference, stauts, booking_time, total_price, creator, create_time,
                            updater, update_time, deleted, tenant_id)
VALUES (1, 1, NULL, '1', '2025-06-01 10:30:00', 5000.00, NULL, '2025-06-01 14:35:02', NULL, '2025-06-01 14:35:02', 0,
        0),
       (1, 2, NULL, '2', '2025-04-03 10:30:00', 378.00, NULL, '2025-06-01 14:35:02', NULL, '2025-06-01 14:35:02', 0, 0),
       (1, 3, NULL, '2', '2025-04-03 10:30:00', 6544.00, NULL, '2025-06-01 14:35:02', NULL, '2025-06-01 14:35:02', 0,
        0),
       (1, 4, NULL, '2', '2025-04-03 10:30:00', 3556.00, NULL, '2025-06-01 14:35:02', NULL, '2025-06-01 14:35:02', 0,
        0),
       (1, 5, NULL, '2', '2025-04-03 10:30:00', 466.00, NULL, '2025-06-01 14:35:02', NULL, '2025-06-01 14:35:02', 0, 0);
INSERT INTO flight.flight (flight_number, departure_airport_id, destination_airport_id, department_date,
                           department_time, arrival_date, arrival_time, duration, price, creator, create_time, updater,
                           update_time, deleted, tenant_id)
VALUES ('HU7148', 8, 1, '2025-06-01', '08:30:00', '2025-06-01', '10:30:00', 120, 905.00, NULL, '2025-06-01 11:36:44',
        NULL, '2025-06-01 11:36:44', 0, 0),
       ('KN5160', 2, 1, '2025-07-02', '08:30:00', '2025-07-02', '11:30:00', 90, 925.00, NULL, '2025-06-01 11:36:44',
        NULL, '2025-06-01 11:36:44', 0, 0),
       ('EU6665', 3, 2, '2025-06-02', '10:00:00', '2025-06-02', '12:00:00', 150, 1080.00, NULL, '2025-06-01 11:36:44',
        NULL, '2025-06-01 11:36:44', 0, 0),
       ('3U8883', 4, 2, '2025-06-03', '09:20:00', '2025-06-03', '13:20:00', 56, 1086.00, NULL, '2025-06-01 11:36:44',
        NULL, '2025-06-01 11:36:44', 0, 0),
       ('MF8470', 5, 2, '2025-08-04', '09:40:00', '2025-08-04', '11:40:00', 80, 1075.00, NULL, '2025-06-01 11:36:44',
        NULL, '2025-06-01 11:36:44', 0, 0),
       ('G59138', 6, 3, '2025-06-05', '12:00:00', '2025-06-05', '13:00:00', 45, 1073.00, NULL, '2025-06-01 11:36:44',
        NULL, '2025-06-01 11:36:44', 0, 0),
       ('NS8470', 7, 3, '2025-06-06', '15:00:00', '2025-06-06', '18:00:00', 75, 1095.00, NULL, '2025-06-01 11:36:44',
        NULL, '2025-06-01 11:36:44', 0, 0),
       ('CA4195', 8, 4, '2025-06-07', '21:00:00', '2025-06-07', '22:00:00', 80, 1115.00, NULL, '2025-06-01 11:36:44',
        NULL, '2025-06-01 11:36:44', 0, 0),
       ('CA4119', 9, 6, '2025-06-08', '23:00:00', '2025-06-08', '23:50:00', 90, 1125.00, NULL, '2025-06-01 11:36:44',
        NULL, '2025-06-01 11:36:44', 0, 0);
INSERT INTO flight.passenger (flight_id, first_name, last_name, email, creator, create_time, updater, update_time,
                              deleted, tenant_id)
VALUES (1, '张', '一', 'li001@163.com', NULL, '2025-06-01 11:40:47', NULL, '2025-06-01 11:40:47', 0, 0),
       (1, '张', '二', 'li002@163.com', NULL, '2025-06-01 11:40:47', NULL, '2025-06-01 11:40:47', 0, 0),
       (1, '张', '三', 'li003@163.com', NULL, '2025-06-01 11:40:47', NULL, '2025-06-01 11:40:47', 0, 0),
       (2, '李', '四', 'li004@163.com', NULL, '2025-06-01 11:40:47', NULL, '2025-06-01 11:40:47', 0, 0),
       (2, '李', '五', 'li005@163.com', NULL, '2025-06-01 11:40:47', NULL, '2025-06-01 11:40:47', 0, 0),
       (3, '李', '六', 'li006@163.com', NULL, '2025-06-01 11:40:47', NULL, '2025-06-01 11:40:47', 0, 0),
       (3, '王', '七', 'li007@163.com', NULL, '2025-06-01 11:40:47', NULL, '2025-06-01 11:40:47', 0, 0),
       (4, '王', '八', 'li008@163.com', NULL, '2025-06-01 11:40:47', NULL, '2025-06-01 11:40:47', 0, 0),
       (4, '王', '九', 'li009@163.com', NULL, '2025-06-01 11:40:47', NULL, '2025-06-01 11:40:47', 0, 0);
